<?xml version="1.0" encoding="utf-8"?>
<extension type="library" method="upgrade">
    <name>OneLogin SAML Library</name>
    <author>OneLogin INC.</author>
    <libraryname>onelogin</libraryname>
    <authorEmail>support@onelogin.com</authorEmail>
    <authorUrl>onelogin.com</authorUrl>
    <creationDate>December 2020</creationDate>
    <version>3.5.1</version>
    <copyright>Copyright (C) 2021 Onelogin Inc. All rights reserved.</copyright>
    <license>MIT</license>
    <files>
        <filename>loader.php</filename>
        <filename>onelogin.xml</filename>
        <filename>saml_joomla.php</filename>
        <folder>vendor</folder>
    </files>
    <updateservers>
        <server type="collection">https://raw.githubusercontent.com/onelogin/joomla-saml/master/updater.xml</server>
    </updateservers>
</extension>
