<?xml version="1.0" encoding="UTF-8"?>
<!--
 @copyright   Copyright (C) 2019 OneLogin, Inc. All rights reserved.
 @license     MIT
 @author Michael Andrzejewski <michael@jetskitechnologies.com>
-->
<extension type="package" version="2.0.0" method="upgrade">
    <name>OneLogin SAML Package</name>
    <author>OneLogin INC.</author>
    <creationDate>December 2020</creationDate>
    <packagename>oneloginphpsamljoomla</packagename>
    <version>2.0.0</version>
    <url>http://www.onelogin.com</url>
    <packager>OneLogin INC.</packager>
    <packagerurl>ttp://www.onelogin.com</packagerurl>
    <description>OneLogin PHP SAML Joomla Implementation Package</description>
    <update>https://github.com/onelogin/joomla-saml</update>
    <files>
        <file type="library" id="onelogin" >onelogin.zip</file>
        <file type="plugin" id="plg_system_oneloginsaml" group="system">plg_system_oneloginsaml.zip</file>
        <file type="plugin" id="plg_system_oneloginsaml_backend" group="system">plg_system_oneloginsaml_backend.zip</file>
    </files>
</extension>
